{
  "15.14500,120.59600": 310,
  "18.32346,-66.97284": 350,
  "18.33548,-66.99468": 230,
  "20.95517,-156.52516": 650,
  "21.64568,-158.04630": 580,
  "22.12937,-159.64545": 3660,
  "24.85192,-80.73731": 10,
  "26.07770,-80.34240": 10,
  "26.19075,-97.69606": 40,
  "26.31200,127.92900": 0,
  "26.92750,-81.81500": 60,
  "26.98562,-80.13119": 20,
  "27.79063,-80.50594": 30,
  "27.89940,-81.44530": 120,
  "27.99985,-82.72114": 100,
  "28.09429,-97.82741": 160,
  "28.95400,-81.52300": 50,
  "29.66048,-81.99257": 170,
  "29.80729,-81.29493": 40,
  "30.05894,-99.41733": 1850,
  "30.15480,-81.72820": 50,
  "30.17453,-97.26995": 500,
  "30.22622,-92.01782": 50,
  "30.32743,-95.72411": 210,
  "30.36084,-93.20016": 30,
  "30.38850,-96.08800": 220,
  "30.43960,-93.34400": 60,
  "30.44740,-84.60500": 170,
  "30.59242,-95.12938": 360,
  "30.73162,-86.20891": 280,
  "30.77709,-94.41850": 310,
  "30.78213,-89.13810": 140,
  "30.81210,-103.94630": 4440,
  "30.85529,-92.31152": 110,
  "30.86000,-90.96890": 250,
  "30.92770,-89.16740": 300,
  "31.00750,-97.50660": 610,
  "31.02080,-83.05100": 190,
  "31.12730,-99.04960": 1440,
  "31.19200,-81.56220": 10,
  "31.41310,-85.86730": 450,
  "31.61746,-87.82456": 330,
  "31.69529,-92.20952": 200,
  "31.86044,-90.39593": 480,
  "32.20444,-95.85491": 510,
  "32.20799,-99.79613": 1980,
  "32.40777,-110.71662": 7910,
  "32.42575,-104.23761": 3120,
  "32.53092,-85.00216": 440,
  "32.62251,-92.36358": 280,
  "32.62890,-80.16880": 40,
  "32.68556,-81.55192": 200,
  "32.74106,-117.15344": 290,
  "32.76628,-105.66581": 8410,
  "32.76738,-117.21459": 10,
  "32.77627,-96.79686": 440,
  "32.81598,-98.31674": 1100,
  "32.85850,-98.48430": 1080,
  "32.96257,-84.49804": 770,
  "33.05330,-92.67880": 200,
  "33.07180,-85.12990": 740,
  "33.16663,-97.88117": 950,
  "33.16680,-101.40880": 2730,
  "33.19179,-87.39868": 450,
  "33.19951,-85.38115": 1020,
  "33.22030,-97.91070": 960,
  "33.22270,-116.70396": 2760,
  "33.28226,-116.63363": 3140,
  "33.36250,-112.04239": 1300,
  "33.41381,-93.95566": 490,
  "33.44870,-118.48550": 0,
  "33.45071,-118.50648": 40,
  "33.47710,-83.85189": 710,
  "33.52820,-85.67160": 980,
  "33.61586,-117.91367": 50,
  "33.71769,-118.28446": 70,
  "33.73772,-116.73499": 5300,
  "33.75063,-117.87223": 130,
  "33.75626,-118.11723": 0,
  "33.76087,-96.66685": 760,
  "33.76300,-82.28380": 390,
  "33.79235,-82.47902": 480,
  "34.05784,-98.47971": 1000,
  "34.06424,-81.59891": 430,
  "34.16973,-116.89998": 6420,
  "34.17480,-117.98801": 1280,
  "34.23680,-89.18670": 510,
  "34.24093,-96.54917": 730,
  "34.25102,-117.15926": 5200,
  "34.28200,-118.86000": 680,
  "34.31006,-96.72334": 880,
  "34.33964,-83.87969": 1190,
  "34.40667,-111.37446": 5580,
  "34.52680,-85.61910": 1670,
  "34.54660,-79.89500": 160,
  "34.56015,-85.18818": 780,
  "34.67313,-86.03388": 650,
  "34.74090,-94.90480": 1060,
  "34.75242,-95.04192": 690,
  "34.78888,-78.72610": 120,
  "34.83114,-90.16372": 320,
  "34.86530,-83.34290": 1670,
  "34.89368,-98.36589": 1290,
  "34.93410,-84.13650": 1990,
  "35.03740,-101.84562": 3480,
  "35.04826,-78.87139": 100,
  "35.12830,-82.38017": 1480,
  "35.14300,-111.96862": 6730,
  "35.18189,-85.24148": 670,
  "35.20709,-80.55733": 570,
  "35.30000,-81.92000": 1000,
  "35.34216,-79.55347": 480,
  "35.37369,-92.45051": 480,
  "35.38557,-82.89606": 3380,
  "35.43250,-85.86288": 1990,
  "35.43393,-76.94934": 30,
  "35.44207,-80.13940": 680,
  "35.44556,-78.42947": 210,
  "35.52178,-100.36153": 2560,
  "35.59764,-81.87559": 1290,
  "35.62400,139.46600": 430,
  "35.78074,-84.68471": 930,
  "35.90200,-118.44000": 5170,
  "35.96963,-88.06712": 470,
  "36.00391,-105.94687": 6080,
  "36.05260,-95.79082": 760,
  "36.05810,-93.26740": 970,
  "36.10286,-78.27872": 310,
  "36.19409,-105.67752": 7450,
  "36.20009,-95.16774": 670,
  "36.26840,-84.00180": 1090,
  "36.30000,-83.30000": 1040,
  "36.31020,-96.12070": 770,
  "36.31415,-86.46213": 550,
  "36.34000,-91.47000": 460,
  "36.34255,-96.10735": 700,
  "36.35463,-79.37415": 750,
  "36.44190,-105.24970": 8650,
  "36.47907,-80.84308": 1370,
  "36.82243,-88.18314": 490,
  "36.96378,-80.66248": 2160,
  "36.96615,-80.69820": 2340,
  "36.99614,-80.57927": 2250,
  "37.09627,-119.29214": 5730,
  "37.13000,-90.47000": 370,
  "37.18495,-76.87799": 100,
  "37.23674,-119.17765": 6980,
  "37.23957,-96.20871": 900,
  "37.28300,-92.86000": 1570,
  "37.30000,-119.30000": 5550,
  "37.38688,-120.72353": 130,
  "37.64801,-90.34862": 960,
  "37.65269,-90.36548": 930,
  "37.68397,-77.86754": 330,
  "37.82588,-99.91624": 2440,
  "37.90162,-85.67120": 710,
  "37.91541,-122.30141": 140,
  "37.91599,-81.12302": 1810,
  "37.92362,-104.93027": 6800,
  "37.93413,-98.25191": 1640,
  "37.96674,-79.47043": 1480,
  "37.96742,-79.46958": 1470,
  "37.98729,-122.58797": 120,
  "37.99680,-84.44000": 1000,
  "38.00000,-79.45000": 1630,
  "38.09186,-93.55805": 930,
  "38.13420,-79.22944": 1700,
  "38.15312,-120.04543": 5080,
  "38.17580,-92.87678": 880,
  "38.33017,-90.20815": 550,
  "38.41171,-120.07817": 5800,
  "38.42000,-90.63000": 630,
  "38.42481,-82.21320": 630,
  "38.48257,-85.62247": 560,
  "38.50372,-90.55416": 560,
  "38.53323,-123.08529": 170,
  "38.54360,-120.22810": 5810,
  "38.54944,-75.74589": 70,
  "38.72590,-83.15240": 730,
  "38.81440,-97.06910": 1280,
  "38.82983,-77.66459": 440,
  "38.87440,-94.18181": 980,
  "38.94160,-84.74370": 810,
  "38.95200,-105.30100": 8200,
  "39.00881,-86.27957": 790,
  "39.05385,-86.42983": 700,
  "39.07672,-94.85176": 940,
  "39.12916,-75.54808": 40,
  "39.20163,-95.40431": 1070,
  "39.20593,-84.27335": 590,
  "39.21851,-84.27740": 770,
  "39.21913,-78.38662": 950,
  "39.22676,-104.53553": 6710,
  "39.30000,-89.13000": 660,
  "39.30990,-120.53993": 5690,
  "39.31388,-104.08690": 5920,
  "39.32260,-120.61420": 5370,
  "39.35505,-90.03705": 600,
  "39.42842,-123.27582": 1750,
  "39.44366,-123.80576": 80,
  "39.49158,-87.33839": 580,
  "39.50000,-111.50000": 5730,
  "39.50240,-111.38310": 7800,
  "39.52873,-75.95493": 160,
  "39.55840,-78.62500": 710,
  "39.57494,-75.28994": 110,
  "39.63000,-77.45000": 1110,
  "39.63970,-99.14220": 1800,
  "39.67807,-79.95772": 1050,
  "39.69628,-76.26946": 370,
  "39.70375,-89.68107": 590,
  "39.71767,-76.11397": 390,
  "39.73121,-76.12383": 380,
  "39.76037,-79.54369": 2180,
  "39.78044,-74.30890": 150,
  "39.79000,-79.58000": 1950,
  "39.79551,-74.96091": 180,
  "39.79665,-83.85029": 1050,
  "39.80715,-79.56553": 1850,
  "39.82760,-74.67985": 100,
  "39.83585,-94.87122": 1100,
  "39.84441,-84.21785": 960,
  "39.86561,-86.03884": 760,
  "39.89270,-77.07120": 450,
  "39.96990,-111.69620": 5760,
  "39.99800,-79.04155": 2310,
  "40.01704,-95.94403": 1130,
  "40.02000,-79.22880": 2050,
  "40.07226,-105.50792": 9160,
  "40.08927,-77.96801": 770,
  "40.09280,-87.75360": 670,
  "40.09815,-77.09699": 820,
  "40.12194,-80.64617": 1180,
  "40.17060,-82.30620": 1080,
  "40.17820,-85.81670": 840,
  "40.18852,-91.32080": 670,
  "40.19848,-81.85684": 820,
  "40.23310,-83.04540": 960,
  "40.24910,-76.30600": 660,
  "40.26530,-74.39240": 310,
  "40.27035,-81.28741": 880,
  "40.42000,-75.43000": 500,
  "40.42160,-86.78320": 670,
  "40.43320,-75.08728": 470,
  "40.45967,-91.35380": 660,
  "40.47387,-76.57217": 550,
  "40.50110,-79.91040": 960,
  "40.54250,-76.22980": 890,
  "40.59049,-74.12603": 340,
  "40.68186,-80.95348": 1270,
  "40.69460,-111.74830": 5630,
  "40.71892,-90.32007": 670,
  "40.75144,-105.50205": 7930,
  "40.76418,-77.60603": 1680,
  "40.80769,-105.57562": 8160,
  "40.85612,-77.25248": 660,
  "40.88946,-86.72724": 700,
  "40.91630,-74.76497": 760,
  "40.95740,-83.65511": 830,
  "40.95945,-72.77223": 160,
  "40.97836,-73.91393": 560,
  "40.99882,-74.45674": 1000,
  "41.00710,-80.72040": 1140,
  "41.05596,-74.94877": 1010,
  "41.06743,-73.66857": 250,
  "41.07389,-74.21667": 470,
  "41.11119,-75.09493": 780,
  "41.11790,-75.42098": 1810,
  "41.12146,-75.63945": 1590,
  "41.22090,-78.63330": 1430,
  "41.22741,-81.53434": 910,